,bellver,cuevas del drach,formentor,palma aquarium,soller,cala galdana,cala mitjana,monte toro,cala macarella,cala macarelleta,albufera,cala pregonda,favaritx,cala benirras,es vedra,ses salines,cala salada,ses illetes,es pujols,ses platgetes,magaluf,date,country,Cuevas del Drach,benirras,tourists,overall_trend
0,56,20.0,26,46.0,57,20,9.0,32.0,11.0,10.0,52,8.0,34.0,16.0,29,34,15,7.0,20.0,43.0,26,2015-10-01,international,,,1010038.0,57.0
1,55,17.0,52,22.0,34,18,7.0,36.0,5.0,10.0,47,8.0,0.0,11.0,18,22,7,9.0,16.0,0.0,18,2015-11-01,international,,,194092.0,47.0
2,54,15.0,29,19.0,35,12,5.0,33.0,9.0,11.0,52,6.0,0.0,12.0,22,15,9,8.0,19.0,0.0,21,2015-12-01,international,,,139541.0,52.0
3,50,16.0,54,21.0,49,25,9.0,36.0,14.0,32.0,62,11.0,0.0,33.0,41,25,14,15.0,40.0,0.0,54,2016-01-01,international,,,176539.0,62.0
4,50,14.0,27,25.0,48,29,7.0,70.0,15.0,21.0,60,14.0,0.0,22.0,41,28,12,100.0,55.0,45.0,56,2016-02-01,international,,,227935.0,60.0
5,90,31.0,28,40.0,56,32,10.0,44.0,13.0,11.0,70,11.0,35.0,23.0,31,34,12,32.0,54.0,0.0,48,2016-03-01,international,,,500122.0,70.0
6,100,20.0,27,33.0,63,36,9.0,36.0,29.0,21.0,64,11.0,34.0,34.0,38,38,20,17.0,68.0,45.0,72,2016-04-01,international,,,823579.0,72.0
7,66,34.0,27,45.0,68,62,20.0,36.0,32.0,43.0,65,36.0,0.0,50.0,49,50,41,19.0,73.0,69.0,67,2016-05-01,international,,,1556098.0,73.0
8,60,38.0,42,44.0,73,62,37.0,49.0,57.0,47.0,64,41.0,36.0,58.0,53,52,53,24.0,88.0,47.0,83,2016-06-01,international,,,1885288.0,88.0
9,99,70.0,38,63.0,76,71,67.0,41.0,64.0,61.0,66,80.0,37.0,56.0,73,76,70,38.0,95.0,95.0,86,2016-07-01,international,,,2330259.0,95.0
10,79,67.0,60,63.0,76,61,61.0,53.0,60.0,100.0,67,66.0,39.0,67.0,56,72,81,32.0,86.0,100.0,71,2016-08-01,international,,,2398131.0,100.0
11,52,47.0,41,51.0,72,43,42.0,59.0,38.0,29.0,55,31.0,36.0,65.0,46,49,62,29.0,64.0,46.0,48,2016-09-01,international,,,1824510.0,72.0
12,51,24.0,55,54.0,60,20,15.0,34.0,17.0,11.0,53,6.0,35.0,17.0,26,32,14,8.0,22.0,46.0,29,2016-10-01,international,,,1181477.0,60.0
13,25,14.0,27,21.0,31,16,11.0,29.0,11.0,10.0,45,5.0,34.0,11.0,39,22,6,5.0,11.0,0.0,23,2016-11-01,international,,,211767.0,45.0
14,35,11.0,0,14.0,33,11,8.0,46.0,9.0,22.0,50,5.0,36.0,11.0,15,16,10,6.0,24.0,0.0,16,2016-12-01,international,,,159557.0,50.0
15,46,15.0,27,17.0,45,26,12.0,38.0,11.0,30.0,54,8.0,0.0,11.0,27,25,13,10.0,41.0,42.0,42,2017-01-01,international,,,178320.0,54.0
16,61,22.0,37,21.0,48,30,7.0,31.0,19.0,36.0,54,15.0,31.0,17.0,17,33,15,13.0,40.0,0.0,32,2017-02-01,international,,,229846.0,54.0
17,61,28.0,33,31.0,56,38,10.0,35.0,16.0,39.0,58,15.0,31.0,15.0,24,27,15,9.0,48.0,41.0,39,2017-03-01,international,,,429245.0,58.0
18,54,42.0,51,38.0,68,39,17.0,40.0,34.0,39.0,73,13.0,97.0,28.0,43,49,23,12.0,51.0,42.0,53,2017-04-01,international,,,1060222.0,73.0
19,65,29.0,53,44.0,72,49,24.0,43.0,32.0,46.0,64,22.0,34.0,55.0,36,46,41,17.0,72.0,45.0,61,2017-05-01,international,,,1650095.0,72.0
20,59,52.0,66,49.0,79,65,47.0,34.0,52.0,94.0,68,64.0,34.0,43.0,54,86,62,27.0,100.0,57.0,100,2017-06-01,international,,,2060959.0,100.0
21,67,63.0,54,73.0,83,100,65.0,49.0,74.0,85.0,66,67.0,66.0,93.0,71,69,85,31.0,98.0,45.0,96,2017-07-01,international,,,2362760.0,98.0
22,48,71.0,51,78.0,86,73,72.0,49.0,67.0,81.0,70,61.0,100.0,61.0,89,71,88,25.0,65.0,65.0,66,2017-08-01,international,,,2369516.0,89.0
23,31,53.0,100,68.0,74,63,64.0,48.0,42.0,36.0,63,37.0,64.0,42.0,71,42,64,19.0,74.0,43.0,55,2017-09-01,international,,,1849475.0,74.0
24,39,32.0,25,79.0,59,24,15.0,36.0,16.0,30.0,63,15.0,32.0,28.0,43,39,23,13.0,19.0,41.0,29,2017-10-01,international,,,1209799.0,79.0
25,45,18.0,48,29.0,39,12,7.0,37.0,10.0,14.0,58,10.0,31.0,10.0,31,21,7,5.0,11.0,0.0,17,2017-11-01,international,,,252431.0,58.0
26,42,16.0,27,24.0,39,31,5.0,36.0,11.0,15.0,53,10.0,0.0,20.0,22,24,6,7.0,21.0,41.0,25,2017-12-01,international,,,181022.0,53.0
27,30,23.0,24,20.0,45,26,8.0,40.0,13.0,28.0,59,10.0,30.0,10.0,15,28,26,10.0,40.0,0.0,35,2018-01-01,international,,,202083.0,59.0
28,29,27.0,31,29.0,52,21,6.0,40.0,8.0,37.0,55,10.0,59.0,16.0,23,23,12,10.0,33.0,39.0,26,2018-02-01,international,,,231206.0,55.0
29,75,31.0,46,53.0,75,32,12.0,33.0,10.0,21.0,74,15.0,31.0,14.0,41,37,14,10.0,39.0,0.0,36,2018-03-01,international,,,503404.0,75.0
30,45,51.0,48,73.0,81,42,15.0,37.0,24.0,22.0,67,12.0,30.0,52.0,56,59,31,18.0,53.0,40.0,58,2018-04-01,international,,,1010909.0,81.0
31,45,38.0,24,55.0,76,57,22.0,47.0,41.0,28.0,67,27.0,46.0,50.0,51,59,44,13.0,55.0,40.0,65,2018-05-01,international,,,1649876.0,76.0
32,59,48.0,47,61.0,79,63,58.0,47.0,64.0,70.0,60,44.0,30.0,53.0,63,56,64,24.0,83.0,40.0,79,2018-06-01,international,,,2048387.0,83.0
33,73,72.0,47,80.0,90,84,74.0,49.0,75.0,77.0,73,70.0,61.0,75.0,79,78,88,31.0,90.0,61.0,96,2018-07-01,international,,,2303682.0,96.0
34,66,82.0,72,81.0,88,74,84.0,67.0,94.0,43.0,78,94.0,60.0,100.0,77,100,97,31.0,77.0,81.0,69,2018-08-01,international,,,2337797.0,100.0
35,57,74.0,69,65.0,78,53,60.0,42.0,84.0,33.0,66,40.0,88.0,48.0,67,54,63,27.0,50.0,78.0,53,2018-09-01,international,,,1934938.0,84.0
36,44,37.0,47,73.0,66,21,17.0,36.0,13.0,23.0,62,7.0,59.0,36.0,39,45,17,7.0,23.0,0.0,32,2018-10-01,international,,,1296983.0,73.0
37,36,14.0,23,23.0,37,9,9.0,35.0,7.0,9.0,51,5.0,29.0,14.0,12,18,8,4.0,14.0,0.0,16,2018-11-01,international,,,276953.0,51.0
38,78,16.0,51,27.0,39,17,17.0,30.0,11.0,18.0,61,13.0,0.0,11.0,19,18,14,4.0,20.0,0.0,21,2018-12-01,international,,,249721.0,61.0
39,44,18.0,23,25.0,44,26,7.0,69.0,12.0,18.0,75,9.0,0.0,10.0,22,25,10,7.0,43.0,0.0,34,2019-01-01,international,,,234088.0,75.0
40,49,23.0,45,27.0,52,21,11.0,51.0,19.0,22.0,74,14.0,29.0,14.0,21,22,9,22.0,35.0,0.0,28,2019-02-01,international,,,267954.0,74.0
41,57,31.0,45,36.0,64,24,10.0,33.0,26.0,18.0,93,14.0,57.0,29.0,45,34,23,7.0,42.0,0.0,37,2019-03-01,international,,,463503.0,93.0
42,80,47.0,47,96.0,83,36,21.0,40.0,18.0,15.0,81,22.0,30.0,49.0,46,56,33,11.0,41.0,40.0,50,2019-04-01,international,,,1137740.0,96.0
43,70,34.0,23,67.0,78,62,29.0,56.0,34.0,27.0,70,14.0,29.0,41.0,58,48,45,21.0,56.0,57.0,53,2019-05-01,international,,,1584818.0,78.0
44,70,61.0,44,67.0,85,70,68.0,67.0,78.0,57.0,76,62.0,44.0,64.0,83,61,64,27.0,79.0,38.0,70,2019-06-01,international,,,2041271.0,85.0
45,86,99.0,79,97.0,89,83,74.0,72.0,100.0,77.0,90,80.0,30.0,74.0,76,84,87,32.0,96.0,59.0,73,2019-07-01,international,,,2333384.0,100.0
46,50,100.0,81,100.0,100,72,100.0,75.0,96.0,81.0,100,100.0,59.0,81.0,100,90,100,34.0,81.0,57.0,65,2019-08-01,international,,,2270302.0,100.0
47,55,73.0,51,99.0,83,64,66.0,60.0,68.0,43.0,66,53.0,42.0,55.0,69,66,65,22.0,67.0,37.0,55,2019-09-01,international,,,1919295.0,99.0
48,40,34.0,21,83.0,67,34,18.0,33.0,20.0,17.0,68,15.0,54.0,30.0,45,40,21,10.0,41.0,36.0,27,2019-10-01,international,,,1179204.0,83.0
49,26,18.0,21,36.0,40,14,6.0,44.0,5.0,8.0,56,9.0,27.0,13.0,15,25,7,5.0,17.0,0.0,14,2019-11-01,international,,,267539.0,56.0
50,40,13.0,22,27.0,39,44,10.0,36.0,14.0,22.0,67,5.0,0.0,10.0,37,27,11,5.0,18.0,0.0,20,2019-12-01,international,,,222449.0,67.0
51,52,16.0,21,20.0,51,28,10.0,42.0,14.0,19.0,71,9.0,0.0,21.0,26,31,7,9.0,32.0,35.0,38,2020-01-01,international,,,213047.0,71.0
52,43,23.0,26,23.0,50,24,8.0,40.0,15.0,16.0,68,8.0,26.0,16.0,19,25,11,8.0,20.0,0.0,25,2020-02-01,international,,,276994.0,68.0
53,24,24.0,19,26.0,45,18,6.0,62.0,10.0,13.0,57,8.0,25.0,8.0,24,29,8,8.0,24.0,32.0,20,2020-03-01,international,,,162684.0,57.0
54,22,8.0,37,5.0,24,8,7.0,100.0,11.0,18.0,41,4.0,24.0,8.0,31,21,6,5.0,18.0,0.0,12,2020-04-01,international,,,0.0,41.0
55,35,12.0,28,8.0,28,14,14.0,44.0,14.0,22.0,49,11.0,24.0,16.0,38,25,13,6.0,19.0,31.0,15,2020-05-01,international,,,0.0,49.0
56,39,18.0,22,36.0,34,9,8.0,18.0,6.0,15.0,58,6.0,27.0,13.0,20,22,6,14.0,20.0,27.0,20,2015-10-01,spain,,,112204.0,58.0
57,33,13.0,22,21.0,24,15,4.0,36.0,6.0,14.0,51,6.0,27.0,0.0,15,19,6,14.0,19.0,0.0,12,2015-11-01,spain,,,83538.0,51.0
58,58,19.0,23,28.0,18,5,5.0,21.0,20.0,16.0,49,7.0,0.0,0.0,18,17,6,21.0,11.0,0.0,7,2015-12-01,spain,,,65107.0,49.0
59,54,13.0,48,14.0,22,15,5.0,40.0,7.0,17.0,49,7.0,0.0,0.0,30,20,9,20.0,21.0,0.0,10,2016-01-01,spain,,,94646.0,49.0
60,24,16.0,23,18.0,26,13,9.0,49.0,13.0,31.0,50,7.0,29.0,14.0,52,23,6,100.0,28.0,29.0,12,2016-02-01,spain,,,96079.0,52.0
61,54,33.0,27,23.0,39,20,7.0,44.0,7.0,25.0,74,14.0,32.0,24.0,18,36,10,26.0,33.0,0.0,28,2016-03-01,spain,,,163397.0,74.0
62,42,20.0,24,28.0,44,21,7.0,29.0,19.0,16.0,57,10.0,28.0,42.0,33,39,12,15.0,32.0,29.0,28,2016-04-01,spain,,,179523.0,57.0
63,52,22.0,24,40.0,52,29,19.0,51.0,31.0,49.0,60,24.0,61.0,29.0,41,41,29,48.0,41.0,31.0,44,2016-05-01,spain,,,157965.0,60.0
64,100,38.0,26,34.0,50,43,39.0,51.0,37.0,49.0,61,29.0,32.0,48.0,37,45,44,49.0,57.0,33.0,84,2016-06-01,spain,,,276057.0,84.0
65,52,59.0,59,59.0,63,58,61.0,63.0,65.0,69.0,64,76.0,100.0,59.0,69,72,65,92.0,69.0,37.0,84,2016-07-01,spain,,,395939.0,84.0
66,52,87.0,59,56.0,73,47,78.0,90.0,59.0,63.0,64,84.0,40.0,74.0,66,89,91,84.0,57.0,39.0,71,2016-08-01,spain,,,435182.0,91.0
67,46,48.0,51,40.0,55,39,51.0,74.0,38.0,53.0,58,39.0,33.0,48.0,47,50,57,42.0,63.0,34.0,50,2016-09-01,spain,,,279280.0,63.0
68,50,24.0,50,43.0,44,12,10.0,28.0,10.0,17.0,60,7.0,31.0,15.0,27,23,20,18.0,38.0,0.0,34,2016-10-01,spain,,,129085.0,60.0
69,38,15.0,50,19.0,22,7,10.0,39.0,7.0,16.0,59,13.0,31.0,15.0,15,18,6,16.0,11.0,0.0,12,2016-11-01,spain,,,89894.0,59.0
70,58,11.0,0,23.0,21,4,5.0,32.0,13.0,16.0,49,0.0,0.0,14.0,13,16,14,21.0,11.0,0.0,12,2016-12-01,spain,,,75332.0,49.0
71,52,13.0,26,18.0,21,13,10.0,44.0,13.0,30.0,57,8.0,28.0,15.0,13,26,9,29.0,31.0,0.0,14,2017-01-01,spain,,,97366.0,57.0
72,29,14.0,45,15.0,28,17,7.0,32.0,12.0,20.0,60,10.0,0.0,14.0,14,32,9,39.0,19.0,0.0,14,2017-02-01,spain,,,92443.0,60.0
73,82,19.0,23,15.0,40,22,4.0,75.0,12.0,44.0,64,13.0,54.0,40.0,21,23,14,19.0,29.0,0.0,26,2017-03-01,spain,,,155617.0,64.0
74,53,28.0,52,33.0,46,31,13.0,37.0,21.0,31.0,87,16.0,29.0,26.0,27,45,24,33.0,36.0,29.0,34,2017-04-01,spain,,,234030.0,87.0
75,37,24.0,36,25.0,49,34,23.0,37.0,20.0,47.0,56,23.0,30.0,43.0,49,37,37,36.0,42.0,45.0,47,2017-05-01,spain,,,194356.0,56.0
76,37,43.0,49,48.0,53,52,49.0,31.0,48.0,64.0,68,45.0,30.0,51.0,56,58,57,58.0,71.0,50.0,96,2017-06-01,spain,,,301254.0,96.0
77,51,60.0,58,50.0,62,100,54.0,94.0,78.0,100.0,76,90.0,62.0,70.0,68,72,72,77.0,100.0,63.0,82,2017-07-01,spain,,,397666.0,100.0
78,50,65.0,100,58.0,84,75,80.0,70.0,57.0,99.0,69,84.0,94.0,75.0,80,79,98,63.0,63.0,29.0,85,2017-08-01,spain,,,455962.0,98.0
79,46,53.0,46,59.0,63,47,56.0,67.0,54.0,41.0,64,45.0,56.0,41.0,56,44,47,29.0,54.0,29.0,57,2017-09-01,spain,,,256284.0,64.0
80,50,23.0,23,55.0,42,17,13.0,36.0,9.0,29.0,60,13.0,26.0,25.0,28,22,20,19.0,28.0,0.0,32,2017-10-01,spain,,,154981.0,60.0
81,33,14.0,22,27.0,29,5,6.0,53.0,11.0,15.0,59,13.0,27.0,13.0,19,27,6,9.0,10.0,0.0,11,2017-11-01,spain,,,110863.0,59.0
82,54,15.0,22,13.0,23,11,5.0,31.0,7.0,17.0,57,10.0,0.0,14.0,14,17,6,20.0,51.0,0.0,11,2017-12-01,spain,,,97914.0,57.0
83,48,10.0,21,18.0,27,10,4.0,35.0,14.0,14.0,62,6.0,26.0,12.0,13,17,11,18.0,19.0,26.0,19,2018-01-01,spain,,,104883.0,62.0
84,31,12.0,42,20.0,33,10,8.0,40.0,17.0,14.0,63,12.0,26.0,12.0,14,22,5,17.0,22.0,0.0,15,2018-02-01,spain,,,101240.0,63.0
85,71,35.0,47,41.0,57,16,9.0,59.0,10.0,27.0,87,34.0,25.0,0.0,26,29,16,20.0,26.0,27.0,20,2018-03-01,spain,,,169939.0,87.0
86,38,41.0,42,76.0,62,27,11.0,69.0,13.0,14.0,83,15.0,26.0,31.0,44,53,20,27.0,37.0,26.0,49,2018-04-01,spain,,,214048.0,83.0
87,61,29.0,21,50.0,63,33,20.0,44.0,22.0,28.0,66,27.0,26.0,36.0,43,48,39,40.0,45.0,26.0,66,2018-05-01,spain,,,216510.0,66.0
88,41,34.0,34,46.0,58,57,59.0,66.0,57.0,52.0,66,50.0,26.0,56.0,52,52,53,55.0,70.0,25.0,91,2018-06-01,spain,,,330204.0,91.0
89,44,57.0,51,71.0,67,70,72.0,77.0,60.0,93.0,73,70.0,27.0,78.0,84,73,77,78.0,72.0,54.0,94,2018-07-01,spain,,,401571.0,94.0
90,67,84.0,60,82.0,87,83,91.0,100.0,90.0,79.0,83,86.0,28.0,65.0,83,100,85,92.0,68.0,55.0,100,2018-08-01,spain,,,460627.0,100.0
91,52,43.0,41,54.0,73,48,58.0,52.0,68.0,50.0,64,70.0,76.0,49.0,62,65,51,59.0,95.0,26.0,77,2018-09-01,spain,,,291731.0,95.0
92,48,30.0,35,50.0,61,16,12.0,47.0,11.0,28.0,71,21.0,0.0,31.0,33,48,18,21.0,46.0,0.0,39,2018-10-01,spain,,,187772.0,71.0
93,25,17.0,20,28.0,29,5,4.0,25.0,8.0,13.0,56,6.0,0.0,0.0,19,17,5,26.0,12.0,0.0,14,2018-11-01,spain,,,119611.0,56.0
94,37,22.0,24,18.0,28,8,9.0,58.0,12.0,16.0,67,7.0,26.0,14.0,23,17,6,13.0,14.0,0.0,14,2018-12-01,spain,,,111614.0,67.0
95,16,13.0,21,14.0,25,10,4.0,50.0,5.0,13.0,73,6.0,24.0,12.0,18,22,15,9.0,17.0,0.0,10,2019-01-01,spain,,,124852.0,73.0
96,39,20.0,60,20.0,33,12,8.0,34.0,11.0,14.0,78,12.0,25.0,12.0,22,29,8,20.0,18.0,0.0,14,2019-02-01,spain,,,115066.0,78.0
97,55,23.0,41,21.0,44,17,8.0,52.0,14.0,28.0,72,12.0,25.0,12.0,21,25,15,17.0,20.0,0.0,28,2019-03-01,spain,,,166407.0,72.0
98,53,34.0,40,100.0,76,26,13.0,33.0,17.0,14.0,76,20.0,26.0,38.0,35,37,23,23.0,30.0,0.0,66,2019-04-01,spain,,,217920.0,100.0
99,40,30.0,20,62.0,57,40,25.0,33.0,21.0,26.0,67,17.0,24.0,27.0,59,42,28,55.0,44.0,25.0,46,2019-05-01,spain,,,192408.0,67.0
100,44,70.0,41,55.0,59,56,59.0,49.0,80.0,69.0,76,70.0,50.0,60.0,67,64,56,67.0,58.0,52.0,82,2019-06-01,spain,,,338243.0,82.0
101,38,75.0,60,73.0,77,76,73.0,87.0,70.0,46.0,84,100.0,26.0,47.0,79,67,61,76.0,90.0,26.0,90,2019-07-01,spain,,,446251.0,90.0
102,66,100.0,53,86.0,100,81,100.0,82.0,100.0,79.0,100,99.0,41.0,100.0,100,85,100,86.0,90.0,27.0,93,2019-08-01,spain,,,466878.0,100.0
103,57,53.0,64,71.0,76,67,73.0,64.0,57.0,29.0,65,61.0,23.0,72.0,61,59,67,57.0,93.0,36.0,70,2019-09-01,spain,,,298494.0,93.0
104,35,23.0,54,60.0,53,32,12.0,41.0,15.0,12.0,70,21.0,34.0,40.0,40,42,16,21.0,37.0,0.0,37,2019-10-01,spain,,,170874.0,70.0
105,48,19.0,36,37.0,29,7,3.0,19.0,5.0,12.0,56,10.0,22.0,0.0,23,18,9,8.0,16.0,0.0,15,2019-11-01,spain,,,115797.0,56.0
106,33,13.0,20,18.0,27,18,8.0,23.0,10.0,14.0,61,6.0,25.0,12.0,20,21,5,12.0,16.0,0.0,11,2019-12-01,spain,,,117275.0,61.0
107,28,13.0,17,16.0,26,12,3.0,43.0,7.0,12.0,71,5.0,0.0,11.0,19,21,5,8.0,15.0,22.0,15,2020-01-01,spain,,,137317.0,71.0
108,48,17.0,26,28.0,35,14,3.0,44.0,9.0,23.0,67,10.0,22.0,10.0,18,15,5,10.0,13.0,0.0,15,2020-02-01,spain,,,120172.0,67.0
109,35,11.0,33,26.0,35,10,8.0,49.0,5.0,11.0,55,5.0,40.0,9.0,26,20,4,19.0,13.0,0.0,15,2020-03-01,spain,,,66484.0,55.0
110,23,6.0,0,4.0,13,4,3.0,21.0,8.0,10.0,39,4.0,20.0,9.0,28,21,6,11.0,11.0,0.0,17,2020-04-01,spain,,,0.0,39.0
111,24,13.0,32,5.0,20,14,10.0,40.0,7.0,10.0,44,7.0,20.0,9.0,42,23,10,13.0,30.0,20.0,14,2020-05-01,spain,,,0.0,44.0
112,32,0.0,7,45.0,42,30,0.0,7.0,0.0,0.0,7,0.0,0.0,0.0,15,23,21,22.0,15.0,,8,2015-10-01,italy,,,25448.0,45.0
113,33,0.0,0,46.0,21,15,26.0,11.0,0.0,0.0,9,0.0,0.0,30.0,15,0,0,22.0,28.0,,4,2015-11-01,italy,,,,46.0
114,67,0.0,7,0.0,44,18,0.0,9.0,22.0,73.0,15,0.0,0.0,0.0,0,28,24,23.0,20.0,,20,2015-12-01,italy,,,,44.0
115,36,45.0,8,0.0,68,32,0.0,12.0,23.0,33.0,10,35.0,0.0,32.0,32,25,22,37.0,46.0,,17,2016-01-01,italy,,,,68.0
116,0,0.0,23,47.0,36,42,27.0,12.0,23.0,33.0,15,33.0,0.0,62.0,16,24,32,46.0,57.0,,18,2016-02-01,italy,,,,62.0
117,0,46.0,8,51.0,55,34,56.0,8.0,37.0,35.0,17,35.0,0.0,34.0,16,75,0,26.0,55.0,,21,2016-03-01,italy,,,1659.0,75.0
118,36,0.0,8,0.0,35,50,48.0,8.0,24.0,35.0,12,72.0,0.0,0.0,25,39,22,49.0,74.0,,25,2016-04-01,italy,,,26907.0,74.0
119,70,45.0,16,0.0,69,49,29.0,16.0,24.0,35.0,8,36.0,0.0,33.0,25,26,46,50.0,86.0,,23,2016-05-01,italy,,,62827.0,86.0
120,36,47.0,16,0.0,39,67,43.0,8.0,100.0,36.0,16,59.0,0.0,35.0,44,54,48,77.0,96.0,,26,2016-06-01,italy,,,95801.0,100.0
121,100,100.0,19,58.0,67,70,66.0,19.0,53.0,38.0,17,100.0,0.0,38.0,42,69,77,82.0,95.0,,68,2016-07-01,italy,,,143375.0,95.0
122,46,58.0,38,69.0,73,56,60.0,17.0,32.0,43.0,16,83.0,100.0,89.0,48,82,62,100.0,74.0,,53,2016-08-01,italy,,,224214.0,89.0
123,37,0.0,24,50.0,47,17,29.0,8.0,32.0,0.0,8,36.0,75.0,34.0,33,27,35,99.0,41.0,,15,2016-09-01,italy,,,89572.0,50.0
124,38,0.0,16,52.0,48,26,0.0,9.0,0.0,0.0,20,0.0,78.0,34.0,33,27,23,25.0,8.0,,12,2016-10-01,italy,,,30082.0,52.0
125,36,44.0,8,52.0,24,25,0.0,8.0,0.0,0.0,12,35.0,0.0,0.0,16,0,22,25.0,16.0,,4,2016-11-01,italy,,,1252.0,52.0
126,36,0.0,16,58.0,53,0,0.0,9.0,0.0,0.0,8,0.0,0.0,0.0,37,30,0,0.0,15.0,,4,2016-12-01,italy,,,3256.0,58.0
127,66,0.0,8,48.0,44,30,0.0,15.0,22.0,32.0,11,0.0,0.0,0.0,22,25,21,25.0,36.0,,16,2017-01-01,italy,,,2645.0,48.0
128,49,0.0,15,0.0,32,51,26.0,15.0,44.0,31.0,7,0.0,0.0,30.0,30,24,21,34.0,51.0,,16,2017-02-01,italy,,,1241.0,51.0
129,0,42.0,8,47.0,86,52,26.0,15.0,43.0,33.0,12,34.0,0.0,0.0,30,24,21,23.0,54.0,,19,2017-03-01,italy,,,5116.0,86.0
130,36,0.0,8,50.0,87,48,27.0,8.0,34.0,65.0,11,36.0,0.0,32.0,48,26,44,47.0,66.0,,18,2017-04-01,italy,,,27491.0,87.0
131,99,47.0,7,100.0,42,30,30.0,15.0,25.0,35.0,25,69.0,0.0,66.0,17,48,68,34.0,58.0,,19,2017-05-01,italy,,,58330.0,100.0
132,54,88.0,20,0.0,59,57,28.0,8.0,70.0,100.0,12,70.0,0.0,32.0,42,60,56,59.0,68.0,,34,2017-06-01,italy,,,125788.0,70.0
133,37,46.0,28,51.0,62,100,44.0,11.0,49.0,68.0,8,90.0,74.0,100.0,50,94,69,63.0,85.0,,87,2017-07-01,italy,,,171078.0,100.0
134,74,47.0,36,51.0,62,92,65.0,15.0,53.0,87.0,11,82.0,68.0,56.0,50,93,91,69.0,68.0,,45,2017-08-01,italy,,,222689.0,93.0
135,65,41.0,14,46.0,34,15,77.0,15.0,21.0,0.0,7,32.0,67.0,30.0,28,24,41,65.0,37.0,,13,2017-09-01,italy,,,88899.0,46.0
136,66,42.0,7,47.0,32,23,0.0,19.0,0.0,31.0,7,32.0,0.0,30.0,44,24,21,23.0,15.0,,12,2017-10-01,italy,,,34173.0,47.0
137,32,0.0,7,90.0,31,15,0.0,7.0,21.0,30.0,14,32.0,0.0,0.0,14,23,0,0.0,21.0,,5,2017-11-01,italy,,,4106.0,90.0
138,38,0.0,13,0.0,43,24,0.0,17.0,23.0,33.0,12,0.0,72.0,32.0,16,23,22,47.0,18.0,,7,2017-12-01,italy,,,5218.0,43.0
139,31,39.0,18,44.0,49,29,25.0,7.0,21.0,0.0,19,0.0,0.0,0.0,28,0,20,21.0,46.0,,12,2018-01-01,italy,,,,49.0
140,31,0.0,7,0.0,38,29,24.0,10.0,0.0,28.0,15,30.0,0.0,28.0,14,22,0,51.0,45.0,,12,2018-02-01,italy,,,,45.0
141,32,41.0,7,43.0,45,32,49.0,7.0,21.0,58.0,15,30.0,66.0,30.0,18,35,30,44.0,49.0,,17,2018-03-01,italy,,,4059.0,49.0
142,63,42.0,7,44.0,86,38,51.0,15.0,21.0,30.0,17,31.0,65.0,90.0,36,30,59,38.0,36.0,,20,2018-04-01,italy,,,33014.0,90.0
143,47,39.0,10,43.0,60,43,24.0,7.0,31.0,29.0,20,60.0,65.0,28.0,36,45,29,32.0,52.0,,22,2018-05-01,italy,,,54170.0,60.0
144,60,38.0,17,43.0,47,60,50.0,11.0,61.0,59.0,14,46.0,0.0,29.0,43,52,59,61.0,57.0,,25,2018-06-01,italy,,,115488.0,61.0
145,32,40.0,18,45.0,72,80,49.0,11.0,56.0,75.0,16,63.0,65.0,56.0,51,68,100,65.0,67.0,,36,2018-07-01,italy,,,183742.0,100.0
146,48,44.0,35,49.0,60,66,63.0,15.0,53.0,49.0,12,52.0,68.0,64.0,57,95,77,67.0,57.0,,33,2018-08-01,italy,,,192062.0,95.0
147,0,38.0,17,0.0,49,33,71.0,21.0,20.0,29.0,17,61.0,62.0,27.0,32,22,75,41.0,38.0,,14,2018-09-01,italy,,,115103.0,75.0
148,0,0.0,0,0.0,58,14,0.0,14.0,20.0,0.0,16,0.0,0.0,29.0,35,0,20,21.0,17.0,,7,2018-10-01,italy,,,32776.0,58.0
149,0,0.0,7,44.0,20,28,0.0,14.0,0.0,28.0,9,31.0,0.0,0.0,31,22,0,21.0,20.0,,5,2018-11-01,italy,,,7944.0,44.0
150,31,39.0,8,0.0,60,47,26.0,11.0,21.0,30.0,14,31.0,0.0,0.0,21,53,22,23.0,12.0,,5,2018-12-01,italy,,,4125.0,60.0
151,29,0.0,13,0.0,31,27,25.0,13.0,21.0,30.0,16,31.0,0.0,0.0,27,52,20,31.0,38.0,,8,2019-01-01,italy,,,,52.0
152,30,38.0,27,0.0,44,34,46.0,7.0,20.0,56.0,22,0.0,0.0,0.0,21,22,18,41.0,29.0,,19,2019-02-01,italy,,,2499.0,44.0
153,61,39.0,21,44.0,100,22,49.0,14.0,20.0,29.0,100,31.0,63.0,0.0,28,22,39,21.0,37.0,,16,2019-03-01,italy,,,5375.0,100.0
154,32,0.0,20,46.0,42,30,25.0,22.0,22.0,0.0,75,32.0,0.0,30.0,46,24,39,21.0,36.0,,16,2019-04-01,italy,,,38073.0,75.0
155,29,72.0,20,41.0,66,41,34.0,7.0,39.0,56.0,18,0.0,0.0,40.0,94,32,55,26.0,48.0,,14,2019-05-01,italy,,,54115.0,94.0
156,61,40.0,28,44.0,60,58,66.0,9.0,41.0,30.0,15,47.0,0.0,58.0,43,45,79,85.0,55.0,,26,2019-06-01,italy,,,101430.0,79.0
157,48,54.0,32,45.0,61,73,100.0,22.0,56.0,45.0,17,60.0,63.0,57.0,35,32,78,65.0,56.0,,36,2019-07-01,italy,,,187714.0,78.0
158,90,41.0,30,47.0,52,71,61.0,12.0,53.0,95.0,24,34.0,66.0,46.0,100,88,77,60.0,44.0,,36,2019-08-01,italy,,,192227.0,100.0
159,30,37.0,23,0.0,60,22,46.0,17.0,19.0,28.0,16,42.0,58.0,26.0,31,42,56,57.0,25.0,,15,2019-09-01,italy,,,103504.0,60.0
160,29,0.0,16,40.0,49,13,23.0,13.0,0.0,0.0,12,29.0,0.0,0.0,32,42,18,0.0,12.0,,5,2019-10-01,italy,,,30074.0,49.0
161,28,34.0,6,0.0,35,32,22.0,6.0,0.0,26.0,12,0.0,0.0,0.0,12,20,17,19.0,16.0,,4,2019-11-01,italy,,,5516.0,35.0
162,29,36.0,21,40.0,41,15,0.0,19.0,21.0,31.0,12,0.0,59.0,0.0,14,24,20,39.0,14.0,,4,2019-12-01,italy,,,3482.0,41.0
163,54,35.0,18,40.0,35,24,23.0,9.0,18.0,0.0,21,0.0,0.0,0.0,12,29,17,19.0,30.0,,11,2020-01-01,italy,,,3224.0,40.0
164,27,0.0,12,0.0,34,24,21.0,6.0,35.0,25.0,19,26.0,0.0,25.0,18,19,48,36.0,24.0,,9,2020-02-01,italy,,,5089.0,48.0
165,24,0.0,76,0.0,32,23,20.0,28.0,0.0,24.0,8,0.0,0.0,23.0,11,36,14,34.0,21.0,,5,2020-03-01,italy,,,884.0,36.0
166,25,0.0,11,0.0,16,0,20.0,100.0,0.0,23.0,12,0.0,0.0,0.0,11,35,15,17.0,11.0,,4,2020-04-01,italy,,,0.0,35.0
167,24,0.0,42,0.0,64,12,0.0,8.0,16.0,23.0,13,0.0,0.0,22.0,23,17,16,17.0,11.0,,4,2020-05-01,italy,,,0.0,64.0
168,48,0.0,22,33.0,44,46,0.0,,,0.0,8,,,52.0,17,30,0,,,,6,2015-10-01,netherlands,,,33977.0,52.0
169,0,78.0,0,0.0,43,44,0.0,,,0.0,19,,,0.0,16,29,34,,,,6,2015-11-01,netherlands,,,1620.0,43.0
170,49,78.0,23,0.0,33,0,0.0,,,0.0,10,,,0.0,28,0,39,,,,4,2015-12-01,netherlands,,,2155.0,39.0
171,50,0.0,23,0.0,47,47,80.0,,,0.0,22,,,0.0,26,61,36,,,,10,2016-01-01,netherlands,,,1797.0,61.0
172,51,0.0,23,34.0,42,49,0.0,,,0.0,14,,,0.0,18,32,37,,,,100,2016-02-01,netherlands,,,4174.0,100.0
173,51,0.0,23,34.0,95,97,0.0,,,0.0,20,,,55.0,36,64,0,,,,13,2016-03-01,netherlands,,,8567.0,95.0
174,51,0.0,34,34.0,54,49,0.0,,,0.0,20,,,57.0,55,33,0,,,,10,2016-04-01,netherlands,,,39467.0,57.0
175,59,0.0,35,33.0,73,0,0.0,,,0.0,24,,,0.0,54,63,39,,,,14,2016-05-01,netherlands,,,109959.0,73.0
176,100,85.0,36,66.0,46,49,80.0,,,0.0,23,,,0.0,92,32,71,,,,16,2016-06-01,netherlands,,,63920.0,92.0
177,61,100.0,48,41.0,82,58,87.0,,,0.0,22,,,67.0,75,67,65,,,,17,2016-07-01,netherlands,,,125292.0,82.0
178,59,0.0,41,0.0,77,59,100.0,,,100.0,24,,,68.0,39,79,44,,,,14,2016-08-01,netherlands,,,130345.0,79.0
179,0,0.0,48,37.0,51,77,85.0,,,0.0,17,,,61.0,38,34,58,,,,16,2016-09-01,netherlands,,,71685.0,61.0
180,0,0.0,47,35.0,55,51,0.0,,,0.0,21,,,59.0,19,34,0,,,,5,2016-10-01,netherlands,,,56073.0,59.0
181,0,86.0,34,34.0,21,0,0.0,,,0.0,18,,,0.0,18,0,0,,,,17,2016-11-01,netherlands,,,10299.0,34.0
182,0,85.0,23,0.0,53,0,0.0,,,0.0,20,,,0.0,40,31,42,,,,9,2016-12-01,netherlands,,,6925.0,53.0
183,49,82.0,22,34.0,58,97,0.0,,,0.0,33,,,0.0,35,31,0,,,,7,2017-01-01,netherlands,,,6024.0,58.0
184,0,0.0,21,0.0,45,46,0.0,,,0.0,23,,,53.0,59,30,36,,,,10,2017-02-01,netherlands,,,2401.0,59.0
185,0,0.0,43,0.0,68,90,0.0,,,0.0,15,,,52.0,34,30,36,,,,36,2017-03-01,netherlands,,,11516.0,68.0
186,49,0.0,44,33.0,55,93,0.0,,,80.0,20,,,56.0,35,62,36,,,,8,2017-04-01,netherlands,,,35235.0,62.0
187,50,89.0,47,0.0,74,47,79.0,,,0.0,13,,,0.0,53,100,73,,,,15,2017-05-01,netherlands,,,105875.0,100.0
188,49,0.0,42,96.0,71,48,76.0,,,0.0,22,,,54.0,34,40,36,,,,15,2017-06-01,netherlands,,,71430.0,96.0
189,52,89.0,31,35.0,78,100,84.0,,,83.0,19,,,59.0,73,33,63,,,,18,2017-07-01,netherlands,,,108158.0,78.0
190,52,85.0,55,35.0,70,49,82.0,,,83.0,35,,,57.0,52,33,74,,,,12,2017-08-01,netherlands,,,120797.0,74.0
191,47,77.0,42,32.0,66,45,0.0,,,0.0,15,,,52.0,42,30,51,,,,11,2017-09-01,netherlands,,,79359.0,66.0
192,45,79.0,41,32.0,57,44,0.0,,,0.0,21,,,52.0,49,30,33,,,,35,2017-10-01,netherlands,,,55105.0,57.0
193,45,0.0,20,0.0,27,0,0.0,,,0.0,18,,,0.0,0,0,0,,,,23,2017-11-01,netherlands,,,3731.0,27.0
194,51,0.0,40,30.0,58,44,0.0,,,0.0,15,,,0.0,16,32,0,,,,6,2017-12-01,netherlands,,,2170.0,58.0
195,86,75.0,0,29.0,41,85,70.0,,,0.0,21,,,0.0,32,28,32,,,,13,2018-01-01,netherlands,,,4965.0,41.0
196,46,78.0,21,31.0,47,0,73.0,,,0.0,18,,,0.0,33,0,34,,,,9,2018-02-01,netherlands,,,8461.0,47.0
197,45,0.0,33,0.0,77,43,0.0,,,0.0,14,,,0.0,32,29,0,,,,7,2018-03-01,netherlands,,,9137.0,77.0
198,94,77.0,42,0.0,52,44,0.0,,,0.0,16,,,51.0,50,59,51,,,,11,2018-04-01,netherlands,,,39043.0,59.0
199,0,0.0,50,30.0,73,44,72.0,,,0.0,15,,,100.0,42,54,49,,,,14,2018-05-01,netherlands,,,109664.0,100.0
200,45,0.0,58,28.0,65,43,69.0,,,0.0,18,,,49.0,77,28,100,,,,10,2018-06-01,netherlands,,,106222.0,100.0
201,89,81.0,65,100.0,70,48,78.0,,,79.0,16,,,54.0,56,62,65,,,,22,2018-07-01,netherlands,,,104090.0,100.0
202,47,81.0,43,64.0,64,46,76.0,,,0.0,17,,,52.0,100,41,70,,,,15,2018-08-01,netherlands,,,129068.0,100.0
203,44,76.0,40,0.0,61,0,72.0,,,74.0,21,,,50.0,56,29,65,,,,11,2018-09-01,netherlands,,,100377.0,65.0
204,44,0.0,20,31.0,43,0,0.0,,,0.0,18,,,0.0,25,59,34,,,,6,2018-10-01,netherlands,,,68916.0,59.0
205,44,0.0,20,0.0,35,42,0.0,,,0.0,18,,,49.0,16,27,0,,,,4,2018-11-01,netherlands,,,5501.0,49.0
206,0,0.0,23,0.0,39,0,0.0,,,0.0,10,,,0.0,25,0,37,,,,4,2018-12-01,netherlands,,,,39.0
207,42,0.0,20,0.0,53,42,0.0,,,0.0,18,,,48.0,16,27,31,,,,4,2019-01-01,netherlands,,,3878.0,53.0
208,0,0.0,20,30.0,49,0,0.0,,,0.0,16,,,0.0,32,28,33,,,,4,2019-02-01,netherlands,,,5111.0,49.0
209,45,75.0,100,30.0,50,42,72.0,,,73.0,28,,,48.0,31,28,33,,,,6,2019-03-01,netherlands,,,11632.0,50.0
210,91,0.0,40,30.0,62,62,0.0,,,0.0,24,,,97.0,62,29,47,,,,9,2019-04-01,netherlands,,,71879.0,97.0
211,43,0.0,58,29.0,63,41,69.0,,,71.0,21,,,95.0,46,41,93,,,,10,2019-05-01,netherlands,,,96049.0,95.0
212,43,72.0,96,29.0,54,41,69.0,,,66.0,17,,,97.0,47,54,46,,,,9,2019-06-01,netherlands,,,108133.0,97.0
213,46,72.0,54,65.0,100,47,0.0,,,0.0,100,,,54.0,43,61,78,,,,11,2019-07-01,netherlands,,,125507.0,100.0
214,0,79.0,42,31.0,95,0,77.0,,,73.0,49,,,54.0,49,56,65,,,,12,2019-08-01,netherlands,,,108931.0,95.0
215,42,0.0,37,56.0,73,41,67.0,,,67.0,19,,,46.0,53,26,31,,,,9,2019-09-01,netherlands,,,76738.0,73.0
216,0,0.0,19,29.0,38,0,66.0,,,0.0,15,,,0.0,60,26,61,,,,6,2019-10-01,netherlands,,,48976.0,61.0
217,0,0.0,37,0.0,32,39,0.0,,,0.0,11,,,0.0,15,26,30,,,,4,2019-11-01,netherlands,,,5443.0,32.0
218,45,0.0,29,0.0,39,0,0.0,,,0.0,11,,,0.0,16,27,0,,,,4,2019-12-01,netherlands,,,2836.0,39.0
219,40,0.0,18,0.0,49,39,0.0,,,0.0,23,,,43.0,28,49,29,,,,5,2020-01-01,netherlands,,,3608.0,49.0
220,0,0.0,18,0.0,36,37,64.0,,,0.0,16,,,44.0,14,25,0,,,,6,2020-02-01,netherlands,,,4946.0,44.0
221,38,0.0,60,25.0,34,37,0.0,,,0.0,13,,,0.0,27,23,0,,,,4,2020-03-01,netherlands,,,3060.0,34.0
222,0,0.0,33,0.0,23,0,0.0,,,0.0,7,,,0.0,13,0,0,,,,4,2020-04-01,netherlands,,,0.0,23.0
223,0,62.0,32,0.0,43,0,56.0,,,58.0,15,,,0.0,25,0,0,,,,4,2020-05-01,netherlands,,,0.0,43.0
224,0,32.0,26,67.0,36,32,32.0,0.0,0.0,32.0,66,49.0,,0.0,20,19,28,0.0,0.0,,26,2015-10-01,unitedkingdom,,,303596.0,67.0
225,0,0.0,31,32.0,26,18,0.0,45.0,0.0,0.0,30,0.0,,0.0,0,18,0,26.0,0.0,,16,2015-11-01,unitedkingdom,,,14571.0,32.0
226,0,39.0,19,40.0,35,32,0.0,45.0,0.0,39.0,37,0.0,,0.0,24,17,0,26.0,55.0,,21,2015-12-01,unitedkingdom,,,17488.0,55.0
227,0,32.0,47,33.0,68,44,33.0,45.0,33.0,63.0,52,48.0,,0.0,29,18,54,53.0,45.0,,71,2016-01-01,unitedkingdom,,,14940.0,71.0
228,0,33.0,34,34.0,51,34,33.0,0.0,34.0,32.0,62,72.0,,38.0,20,23,28,81.0,94.0,,42,2016-02-01,unitedkingdom,,,20476.0,94.0
229,0,34.0,61,35.0,56,47,34.0,48.0,34.0,0.0,58,0.0,,0.0,20,26,29,27.0,47.0,,45,2016-03-01,unitedkingdom,,,83330.0,58.0
230,0,66.0,57,50.0,79,47,32.0,46.0,0.0,65.0,79,0.0,,39.0,20,9,56,27.0,46.0,,62,2016-04-01,unitedkingdom,,,180165.0,79.0
231,0,34.0,71,68.0,93,79,33.0,0.0,33.0,34.0,73,0.0,,41.0,42,24,57,41.0,94.0,,66,2016-05-01,unitedkingdom,,,451035.0,94.0
232,56,33.0,85,67.0,95,69,66.0,46.0,34.0,100.0,82,0.0,,81.0,72,28,100,55.0,47.0,,84,2016-06-01,unitedkingdom,,,627569.0,100.0
233,61,70.0,87,89.0,95,100,61.0,52.0,74.0,69.0,100,52.0,,44.0,64,37,44,60.0,52.0,,77,2016-07-01,unitedkingdom,,,668991.0,100.0
234,0,37.0,74,61.0,86,92,56.0,53.0,77.0,37.0,73,56.0,,46.0,47,33,65,59.0,100.0,,54,2016-08-01,unitedkingdom,,,679851.0,100.0
235,57,35.0,33,73.0,86,58,35.0,100.0,71.0,35.0,43,0.0,,0.0,22,30,76,29.0,50.0,,45,2016-09-01,unitedkingdom,,,577022.0,86.0
236,0,0.0,36,70.0,65,34,0.0,48.0,35.0,34.0,46,0.0,,0.0,41,20,58,0.0,48.0,,29,2016-10-01,unitedkingdom,,,293405.0,70.0
237,0,31.0,52,33.0,29,28,33.0,0.0,66.0,0.0,54,0.0,,0.0,20,14,28,26.0,46.0,,17,2016-11-01,unitedkingdom,,,19026.0,66.0
238,60,0.0,29,56.0,28,29,0.0,0.0,37.0,0.0,30,51.0,,0.0,20,11,31,27.0,51.0,,17,2016-12-01,unitedkingdom,,,17526.0,56.0
239,51,0.0,46,64.0,54,62,31.0,43.0,31.0,30.0,54,45.0,,36.0,19,22,51,74.0,45.0,,54,2017-01-01,unitedkingdom,,,11197.0,64.0
240,0,29.0,29,32.0,40,42,31.0,44.0,62.0,30.0,41,0.0,,0.0,19,17,52,51.0,44.0,,37,2017-02-01,unitedkingdom,,,25686.0,62.0
241,100,32.0,40,81.0,61,41,63.0,0.0,31.0,59.0,74,0.0,,0.0,39,36,78,50.0,84.0,,37,2017-03-01,unitedkingdom,,,44127.0,84.0
242,0,49.0,67,66.0,83,63,32.0,93.0,62.0,32.0,68,47.0,,37.0,40,19,40,27.0,92.0,,60,2017-04-01,unitedkingdom,,,194099.0,92.0
243,55,0.0,62,67.0,100,77,100.0,46.0,100.0,63.0,72,100.0,,40.0,29,23,69,27.0,67.0,,67,2017-05-01,unitedkingdom,,,546040.0,100.0
244,0,53.0,76,51.0,82,81,54.0,47.0,50.0,64.0,81,96.0,,79.0,40,22,37,41.0,46.0,,100,2017-06-01,unitedkingdom,,,622454.0,100.0
245,54,48.0,93,82.0,99,80,67.0,47.0,34.0,32.0,73,50.0,,40.0,100,41,69,28.0,92.0,,78,2017-07-01,unitedkingdom,,,687116.0,100.0
246,54,48.0,86,100.0,90,75,66.0,46.0,33.0,48.0,63,49.0,,0.0,20,37,55,27.0,60.0,,54,2017-08-01,unitedkingdom,,,638530.0,100.0
247,52,46.0,62,53.0,76,67,93.0,43.0,32.0,31.0,55,0.0,,38.0,39,18,26,25.0,44.0,,55,2017-09-01,unitedkingdom,,,609153.0,76.0
248,0,30.0,32,63.0,49,27,31.0,43.0,31.0,0.0,50,45.0,,0.0,19,26,26,25.0,43.0,,26,2017-10-01,unitedkingdom,,,327804.0,63.0
249,49,0.0,20,31.0,44,11,30.0,42.0,31.0,30.0,37,0.0,,0.0,0,17,0,0.0,42.0,,12,2017-11-01,unitedkingdom,,,26032.0,44.0
250,51,0.0,28,34.0,41,41,34.0,44.0,31.0,30.0,34,45.0,,42.0,18,17,26,28.0,0.0,,27,2017-12-01,unitedkingdom,,,15968.0,42.0
251,0,29.0,40,59.0,47,58,57.0,0.0,59.0,29.0,56,44.0,,0.0,35,12,49,23.0,41.0,,41,2018-01-01,unitedkingdom,,,20171.0,59.0
252,50,59.0,41,61.0,62,31,30.0,0.0,60.0,0.0,48,41.0,,0.0,55,21,25,23.0,42.0,,28,2018-02-01,unitedkingdom,,,20479.0,62.0
253,49,30.0,41,31.0,63,39,0.0,43.0,31.0,30.0,54,46.0,,0.0,18,30,25,0.0,43.0,,34,2018-03-01,unitedkingdom,,,65985.0,63.0
254,49,60.0,43,92.0,85,48,61.0,41.0,31.0,30.0,69,45.0,,35.0,28,31,39,25.0,85.0,,64,2018-04-01,unitedkingdom,,,209923.0,92.0
255,0,30.0,65,63.0,70,74,40.0,43.0,31.0,30.0,71,0.0,,37.0,19,35,39,25.0,85.0,,60,2018-05-01,unitedkingdom,,,464664.0,85.0
256,0,60.0,66,61.0,91,71,57.0,43.0,30.0,31.0,57,44.0,,37.0,64,29,26,25.0,60.0,,71,2018-06-01,unitedkingdom,,,624543.0,91.0
257,0,31.0,80,61.0,91,89,30.0,86.0,76.0,60.0,65,45.0,,0.0,46,34,77,25.0,65.0,,90,2018-07-01,unitedkingdom,,,686093.0,91.0
258,52,31.0,64,63.0,83,59,31.0,43.0,61.0,0.0,53,47.0,,37.0,28,21,51,26.0,44.0,,48,2018-08-01,unitedkingdom,,,678252.0,83.0
259,51,30.0,48,47.0,75,44,46.0,44.0,47.0,30.0,38,46.0,,37.0,38,53,26,38.0,43.0,,47,2018-09-01,unitedkingdom,,,539125.0,75.0
260,51,31.0,36,63.0,47,26,61.0,0.0,31.0,0.0,38,0.0,,0.0,0,14,26,100.0,43.0,,27,2018-10-01,unitedkingdom,,,329412.0,63.0
261,0,0.0,24,30.0,36,19,30.0,0.0,0.0,0.0,23,0.0,,0.0,71,13,0,24.0,41.0,,13,2018-11-01,unitedkingdom,,,31300.0,71.0
262,52,35.0,49,36.0,27,38,31.0,44.0,36.0,32.0,39,0.0,,0.0,22,18,0,0.0,0.0,,22,2018-12-01,unitedkingdom,,,21700.0,39.0
263,48,29.0,52,45.0,49,36,29.0,0.0,29.0,29.0,56,0.0,,0.0,18,17,24,24.0,41.0,,44,2019-01-01,unitedkingdom,,,19050.0,56.0
264,0,0.0,43,31.0,43,29,59.0,42.0,29.0,29.0,49,44.0,,0.0,27,26,0,24.0,42.0,,25,2019-02-01,unitedkingdom,,,21641.0,49.0
265,48,59.0,55,62.0,57,33,30.0,0.0,61.0,30.0,57,0.0,,36.0,28,100,26,25.0,43.0,,36,2019-03-01,unitedkingdom,,,42834.0,100.0
266,49,31.0,47,82.0,87,55,29.0,45.0,60.0,62.0,61,0.0,,35.0,19,26,37,25.0,42.0,,49,2019-04-01,unitedkingdom,,,220957.0,87.0
267,48,30.0,82,62.0,84,71,30.0,42.0,31.0,29.0,60,0.0,,35.0,36,34,26,49.0,61.0,,58,2019-05-01,unitedkingdom,,,529542.0,84.0
268,49,58.0,74,57.0,98,65,56.0,42.0,40.0,44.0,53,66.0,,100.0,52,27,83,24.0,62.0,,71,2019-06-01,unitedkingdom,,,616992.0,100.0
269,0,60.0,100,62.0,83,78,44.0,42.0,31.0,58.0,61,44.0,,35.0,37,31,26,64.0,41.0,,63,2019-07-01,unitedkingdom,,,663441.0,83.0
270,48,30.0,73,75.0,89,66,45.0,41.0,30.0,29.0,48,44.0,,35.0,18,30,49,50.0,41.0,,43,2019-08-01,unitedkingdom,,,647471.0,89.0
271,47,28.0,53,58.0,72,53,56.0,41.0,44.0,28.0,69,41.0,,66.0,33,19,36,47.0,80.0,,51,2019-09-01,unitedkingdom,,,605734.0,80.0
272,45,27.0,32,55.0,50,27,27.0,0.0,27.0,27.0,48,0.0,,32.0,17,15,23,44.0,76.0,,25,2019-10-01,unitedkingdom,,,341040.0,76.0
273,0,0.0,15,27.0,25,11,53.0,0.0,27.0,0.0,32,0.0,,0.0,24,15,32,0.0,37.0,,12,2019-11-01,unitedkingdom,,,15393.0,37.0
274,51,30.0,36,31.0,36,41,31.0,0.0,31.0,26.0,45,46.0,,0.0,0,15,24,23.0,43.0,,23,2019-12-01,unitedkingdom,,,15470.0,45.0
275,42,26.0,44,40.0,49,47,25.0,36.0,26.0,25.0,61,0.0,,90.0,63,10,32,0.0,72.0,,47,2020-01-01,unitedkingdom,,,8041.0,90.0
276,0,0.0,33,40.0,41,28,25.0,35.0,25.0,0.0,58,36.0,,0.0,15,29,21,21.0,36.0,,28,2020-02-01,unitedkingdom,,,19231.0,58.0
277,41,24.0,95,50.0,23,27,24.0,0.0,25.0,0.0,30,0.0,,0.0,30,21,31,30.0,70.0,,21,2020-03-01,unitedkingdom,,,13357.0,70.0
278,0,0.0,28,24.0,19,15,23.0,0.0,24.0,0.0,29,0.0,,0.0,14,24,39,19.0,64.0,,12,2020-04-01,unitedkingdom,,,0.0,64.0
279,0,45.0,41,25.0,29,15,24.0,0.0,25.0,24.0,31,73.0,,27.0,22,19,29,0.0,47.0,,16,2020-05-01,unitedkingdom,,,0.0,47.0
280,30,31.0,18,59.0,40,15,32.0,,41.0,61.0,60,0.0,,0.0,59,25,0,31.0,24.0,,6,2015-10-01,germany,,,429045.0,60.0
281,30,31.0,9,39.0,34,15,32.0,,40.0,0.0,64,0.0,,0.0,29,24,30,31.0,36.0,,3,2015-11-01,germany,,,79886.0,64.0
282,37,0.0,14,34.0,29,25,37.0,,0.0,75.0,51,0.0,,0.0,69,24,31,0.0,59.0,,6,2015-12-01,germany,,,43510.0,69.0
283,28,38.0,11,36.0,41,27,30.0,,0.0,57.0,63,84.0,,46.0,54,34,28,57.0,22.0,,6,2016-01-01,germany,,,55191.0,63.0
284,29,29.0,9,54.0,50,41,30.0,,75.0,58.0,70,0.0,,46.0,41,27,28,71.0,33.0,,100,2016-02-01,germany,,,91200.0,100.0
285,57,0.0,19,39.0,49,42,30.0,,38.0,61.0,87,0.0,,0.0,29,28,0,60.0,24.0,,8,2016-03-01,germany,,,210991.0,87.0
286,79,30.0,21,38.0,55,28,91.0,,39.0,59.0,61,86.0,,49.0,29,28,55,30.0,54.0,,78,2016-04-01,germany,,,304323.0,78.0
287,100,61.0,22,31.0,47,54,94.0,,61.0,62.0,72,0.0,,47.0,39,35,56,33.0,59.0,,36,2016-05-01,germany,,,613574.0,72.0
288,58,30.0,13,38.0,51,28,69.0,,77.0,60.0,62,88.0,,49.0,41,35,57,56.0,47.0,,14,2016-06-01,germany,,,648525.0,77.0
289,64,33.0,26,62.0,52,34,34.0,,42.0,61.0,79,0.0,,100.0,95,48,42,63.0,100.0,,25,2016-07-01,germany,,,694927.0,100.0
290,34,66.0,26,66.0,46,48,54.0,,45.0,69.0,69,0.0,,58.0,66,65,100,70.0,37.0,,29,2016-08-01,germany,,,683755.0,100.0
291,32,32.0,15,61.0,46,45,33.0,,42.0,63.0,82,95.0,,53.0,45,60,61,64.0,75.0,,10,2016-09-01,germany,,,637899.0,82.0
292,32,32.0,18,59.0,46,19,100.0,,41.0,0.0,69,0.0,,50.0,29,26,31,61.0,36.0,,6,2016-10-01,germany,,,553126.0,69.0
293,30,0.0,6,19.0,31,28,31.0,,0.0,0.0,42,0.0,,0.0,43,24,0,30.0,23.0,,5,2016-11-01,germany,,,78277.0,43.0
294,31,29.0,7,37.0,29,26,0.0,,0.0,67.0,44,0.0,,0.0,32,38,32,58.0,46.0,,5,2016-12-01,germany,,,43952.0,46.0
295,29,28.0,11,28.0,37,22,29.0,,36.0,56.0,62,85.0,,0.0,37,34,28,56.0,53.0,,9,2017-01-01,germany,,,49356.0,62.0
296,55,38.0,12,36.0,49,26,0.0,,37.0,56.0,62,0.0,,45.0,27,28,0,56.0,22.0,,8,2017-02-01,germany,,,93995.0,62.0
297,29,30.0,11,47.0,48,18,31.0,,37.0,0.0,52,0.0,,46.0,40,34,29,0.0,34.0,,9,2017-03-01,germany,,,179432.0,52.0
298,59,30.0,26,28.0,60,41,0.0,,56.0,58.0,87,0.0,,48.0,71,41,29,43.0,69.0,,17,2017-04-01,germany,,,455105.0,87.0
299,32,28.0,21,44.0,46,32,44.0,,39.0,59.0,92,95.0,,48.0,57,38,31,30.0,46.0,,13,2017-05-01,germany,,,595890.0,92.0
300,29,30.0,30,79.0,46,27,46.0,,59.0,60.0,100,90.0,,46.0,85,100,0,57.0,44.0,,43,2017-06-01,germany,,,756909.0,100.0
301,44,57.0,23,67.0,49,28,61.0,,77.0,58.0,66,87.0,,48.0,55,57,57,57.0,44.0,,25,2017-07-01,germany,,,703657.0,77.0
302,43,59.0,29,91.0,45,22,45.0,,0.0,58.0,69,88.0,,48.0,42,59,28,49.0,34.0,,25,2017-08-01,germany,,,669998.0,91.0
303,28,41.0,17,43.0,53,39,43.0,,75.0,55.0,54,0.0,,46.0,36,37,27,56.0,43.0,,11,2017-09-01,germany,,,667850.0,75.0
304,27,28.0,16,35.0,55,25,57.0,,35.0,0.0,81,83.0,,44.0,26,47,27,27.0,62.0,,7,2017-10-01,germany,,,515589.0,81.0
305,26,52.0,7,33.0,32,12,28.0,,34.0,0.0,41,79.0,,43.0,26,18,0,27.0,21.0,,3,2017-11-01,germany,,,91861.0,43.0
306,28,31.0,14,54.0,39,26,32.0,,72.0,62.0,39,0.0,,0.0,26,33,27,0.0,43.0,,5,2017-12-01,germany,,,49042.0,72.0
307,0,25.0,12,24.0,46,39,26.0,,33.0,100.0,60,0.0,,0.0,48,31,0,51.0,30.0,,4,2018-01-01,germany,,,58389.0,60.0
308,26,26.0,11,65.0,35,16,0.0,,34.0,52.0,51,0.0,,42.0,25,31,0,38.0,20.0,,11,2018-02-01,germany,,,80225.0,65.0
309,27,39.0,22,43.0,100,26,29.0,,34.0,52.0,63,0.0,,0.0,49,38,38,39.0,33.0,,20,2018-03-01,germany,,,221780.0,100.0
310,27,84.0,20,52.0,52,29,28.0,,36.0,56.0,53,82.0,,88.0,78,60,51,53.0,21.0,,9,2018-04-01,germany,,,396055.0,88.0
311,38,78.0,19,85.0,52,26,54.0,,53.0,55.0,46,80.0,,67.0,66,48,51,27.0,21.0,,23,2018-05-01,germany,,,611396.0,85.0
312,25,26.0,22,33.0,40,25,44.0,,0.0,52.0,67,79.0,,0.0,61,56,93,26.0,40.0,,17,2018-06-01,germany,,,629360.0,93.0
313,27,82.0,29,49.0,46,36,56.0,,53.0,54.0,98,0.0,,44.0,69,43,50,40.0,42.0,,29,2018-07-01,germany,,,635472.0,98.0
314,53,67.0,29,62.0,50,21,56.0,,35.0,53.0,56,81.0,,86.0,52,48,26,40.0,31.0,,21,2018-08-01,germany,,,630224.0,86.0
315,0,53.0,35,100.0,49,25,55.0,,35.0,0.0,58,0.0,,43.0,34,42,26,26.0,34.0,,17,2018-09-01,germany,,,677642.0,100.0
316,26,44.0,11,61.0,52,24,55.0,,34.0,53.0,34,0.0,,43.0,25,27,25,26.0,30.0,,11,2018-10-01,germany,,,527801.0,61.0
317,25,37.0,6,16.0,30,12,26.0,,0.0,0.0,42,0.0,,41.0,49,20,24,25.0,29.0,,3,2018-11-01,germany,,,96660.0,49.0
318,27,30.0,16,51.0,39,14,28.0,,0.0,0.0,38,0.0,,0.0,28,20,26,27.0,31.0,,6,2018-12-01,germany,,,97218.0,51.0
319,23,24.0,10,23.0,46,28,24.0,,0.0,48.0,83,0.0,,39.0,23,19,23,36.0,37.0,,5,2019-01-01,germany,,,69944.0,83.0
320,33,25.0,66,24.0,44,23,26.0,,34.0,48.0,52,0.0,,41.0,24,20,24,37.0,39.0,,6,2019-02-01,germany,,,110542.0,52.0
321,25,25.0,41,48.0,55,23,52.0,,33.0,50.0,60,0.0,,77.0,24,30,48,50.0,38.0,,7,2019-03-01,germany,,,213742.0,77.0
322,40,27.0,32,69.0,55,25,51.0,,0.0,0.0,70,0.0,,43.0,47,37,72,53.0,38.0,,8,2019-04-01,germany,,,447365.0,72.0
323,25,48.0,31,80.0,49,41,26.0,,33.0,48.0,59,0.0,,41.0,48,36,24,42.0,20.0,,12,2019-05-01,germany,,,536168.0,80.0
324,50,50.0,36,40.0,78,35,66.0,,100.0,50.0,86,76.0,,62.0,60,30,49,61.0,38.0,,19,2019-06-01,germany,,,652897.0,100.0
325,27,51.0,37,57.0,52,34,71.0,,65.0,54.0,71,79.0,,44.0,100,35,42,39.0,29.0,,18,2019-07-01,germany,,,627704.0,100.0
326,26,50.0,39,42.0,49,29,40.0,,67.0,51.0,53,79.0,,41.0,59,46,74,26.0,41.0,,18,2019-08-01,germany,,,589499.0,74.0
327,37,48.0,29,38.0,52,34,52.0,,32.0,99.0,54,0.0,,39.0,47,30,24,25.0,38.0,,11,2019-09-01,germany,,,645333.0,54.0
328,24,36.0,28,40.0,46,11,25.0,,31.0,46.0,75,0.0,,39.0,68,39,23,24.0,56.0,,7,2019-10-01,germany,,,463744.0,75.0
329,33,23.0,10,29.0,35,21,24.0,,30.0,45.0,52,0.0,,0.0,21,14,0,23.0,27.0,,3,2019-11-01,germany,,,108999.0,52.0
330,0,27.0,26,17.0,38,100,26.0,,33.0,50.0,32,0.0,,0.0,25,22,36,46.0,27.0,,6,2019-12-01,germany,,,69386.0,38.0
331,22,22.0,21,28.0,42,21,23.0,,0.0,87.0,61,64.0,,0.0,31,18,21,43.0,25.0,,5,2020-01-01,germany,,,54431.0,61.0
332,21,0.0,20,28.0,46,15,23.0,,29.0,43.0,45,64.0,,0.0,31,43,21,22.0,34.0,,4,2020-02-01,germany,,,112582.0,46.0
333,0,20.0,86,14.0,37,20,21.0,,27.0,40.0,15,0.0,,0.0,20,24,19,42.0,26.0,,2,2020-03-01,germany,,,68438.0,37.0
334,21,20.0,17,0.0,15,10,22.0,,0.0,0.0,18,0.0,,34.0,41,17,21,22.0,32.0,,3,2020-04-01,germany,,,0.0,41.0
335,0,0.0,49,13.0,20,10,22.0,,26.0,0.0,16,0.0,,0.0,20,17,39,21.0,32.0,,3,2020-05-01,germany,,,0.0,39.0
